Author,Headline,Keywords,Topics,URL,Outlet,Timestamp
Korean Wave,The Times of India,"The Times Of India, The Times, Times, India",General,https://timesofindia.indiatimes.com/,TOI,2025-10-26 09:16:21
TOI Sports Desk,"After sitting out Sydney ODI vs Australia, Arshdeep Singh shares âTruckaaan Vaaleâ post - Watch","Australia, Singh, ÂTruckaaan, , Arshdeep Singh Shares, Vaaleâ Post, Sydney, Shares, Post",General,https://timesofindia.indiatimes.com/sports/cricket/india-vs-australia/after-sitting-out-sydney-odi-vs-australia-arshdeep-singh-shares-truckaaan-vaale-post-watch/articleshow/124824608.cms,TOI,2025-10-26 09:16:23
Sidhharrth S Kumaar,"Weekly Career Horoscope, October 26 to November 01, 2025: Success, challenges, and breakthroughs; Know about your Career","Horoscope, Weekly Career Horoscope, Your Career, Career, October, November, Success, Challenges, Breakthroughs",General,https://timesofindia.indiatimes.com/astrology/horoscope/weekly-career-horoscope-october-26-to-november-01-2025-success-challenges-and-breakthroughs-know-about-your-career/articleshow/124824814.cms,TOI,2025-10-26 09:16:23
TOI Business Desk,Donald Trump at ASEAN: US and Malaysia sign major trade agreement; more deals from Indo-Pacific partners in process,"Donald Trump, Malaysia, Major Trade Agreement, More Deals, Indo-Pacific Partners, Donald, Trump, Asean, Trade, Agreement",Economy,https://timesofindia.indiatimes.com/business/international-business/donald-trump-at-asean-us-and-malaysia-sign-major-trade-agreement-more-deals-from-indo-pacific-partners-in-process/articleshow/124824403.cms,TOI,2025-10-26 09:16:23
TOI Education,India's medical colleges see more than double growth in last 11 years: How aspiring doctors can benefit from new opportunities,"India, India'S Medical Colleges, More Than Double Growth, Last 11 Years, How Aspiring Doctors, New Opportunities, Colleges, Growth, Years, Doctors","Health, Education",https://timesofindia.indiatimes.com/education/news/indias-medical-colleges-see-more-than-double-growth-in-last-11-years-how-aspiring-doctors-can-benefit-from-new-opportunities/articleshow/124822954.cms,TOI,2025-10-26 09:16:25
TOI Sports Desk,"1st ODI: Harry Brook smashes 11 sixes, 135 runs to star in England rout of New Zealand","Harry Brook Smashes, England, New Zealand, Harry Brook, 11 Sixes, Harry, Brook, Sixes, Rout, Zealand",General,https://timesofindia.indiatimes.com/sports/cricket/news/1st-odi-harry-brook-smashes-11-sixes-135-runs-to-star-in-england-rout-of-new-zealand/articleshow/124824998.cms,TOI,2025-10-26 09:16:25
Shantanu Nandan Sharma,âI want to know what exactly happened on that day Zubeen Garg diedâ,"That Day, Zubeen, Garg",Technology,https://timesofindia.indiatimes.com/i-want-to-know-what-exactly-happened-on-that-day-zubeen-garg-died/articleshow/124824880.cms,TOI,2025-10-26 09:16:25
TOI Entertainment Desk,"Kareena Kapoor Khan drops stunning vacay PICS featuring Saif Ali Khan, Taimur, Katrina Kaif reacts, netizens call her a 'queen'","Kareena, Khan, Ali Khan, Katrina Kaif, Kareena Kapoor Khan, Stunning Vacay Pics, A 'Queen, Kapoor, Vacay, Pics",Technology,https://timesofindia.indiatimes.com/entertainment/hindi/bollywood/news/kareena-kapoor-khan-drops-stunning-vacay-pics-featuring-saif-ali-khan-taimur-katrina-kaif-reacts-netizens-call-her-a-queen/articleshow/124824999.cms,TOI,2025-10-26 09:16:25
Samdani MN,VVITU Balotsva: Stage set for children global cultural festival,"Vvitu Balotsva, Children Global Cultural Festival, Vvitu, Balotsva, Stage, Children, Festival",International,https://timesofindia.indiatimes.com/city/vijayawada/vvitu-balotsva-stage-set-for-children-global-cultural-festival/articleshow/124825033.cms,TOI,2025-10-26 09:16:40
TOI Lifestyle Desk,Janhvi Kapoorâs nostalgic Cavalli moment is a love letter to the boldness of 2000s fashion,"Janhvi KapoorâS, Nostalgic Cavalli Moment, A Love Letter, The Boldness, Janhvi, Cavalli, Moment, Love, Letter, Boldness",General,https://timesofindia.indiatimes.com/life-style/fashion/celeb-style/janhvi-kapoors-nostalgic-cavalli-moment-is-a-love-letter-to-the-boldness-of-2000s-fashion/articleshow/124824569.cms,TOI,2025-10-26 09:16:40
TOI Lifestyle Desk,Breakthrough in Cancer treatment: Scientists develop experiential âsuper vaccineâ with 'outstanding' results on cancerous mice,"Cancer Treatment, Experiential ÂSuper Vaccineâ, 'Outstanding' Results, Cancerous Mice, Breakthrough, Cancer, Treatment, Scientists, Results, Mice",Health,https://timesofindia.indiatimes.com/life-style/health-fitness/health-news/breakthrough-in-cancer-treatment-scientists-develop-experiential-super-vaccine-with-outstanding-results-on-cancerous-mice/articleshow/124824637.cms,TOI,2025-10-26 09:16:41
TOI Tech Desk,Elon Musk on Grok kids mode: Has same settings that companies want forâ¦,"¦, Elon Musk, Grok Kids Mode, Same Settings, Elon, Musk, Grok, Kids, Mode, Settings",General,https://timesofindia.indiatimes.com/technology/tech-news/elon-musk-on-grok-kids-mode-has-same-settings-that-companies-want-for/articleshow/124824712.cms,TOI,2025-10-26 09:16:41
Barsha Dutta,Will Kyler Gordon play against the Baltimore Ravens today? Latest injury update on the Chicago Bears' cornerback,"Baltimore, Chicago, Will Kyler Gordon, The Baltimore Ravens, Latest Injury Update, The Chicago Bears' Cornerback, Gordon, Ravens, Today, Injury",Technology,https://timesofindia.indiatimes.com/sports/nfl/news/will-kyler-gordon-play-against-the-baltimore-ravens-today-latest-injury-update-on-the-chicago-bears-cornerback/articleshow/124822567.cms,TOI,2025-10-26 09:16:41
TOI Tech Desk,"As Reliance, Meta announce Rs 855 crore AI partnership; RIL clarifies that the transaction does not ...","Meta Announce, 855 Crore Ai Partnership, The Transaction, Reliance, Announce, Crore, Partnership, Clarifies, Transaction",Technology,https://timesofindia.indiatimes.com/technology/tech-news/as-reliance-meta-announce-rs-855-crore-ai-partnership-ril-clarifies-that-the-transaction-does-not-/articleshow/124824940.cms,TOI,2025-10-26 09:16:41
TOI Entertainment Desk,"Dhruv Vikram not to be compared to Vikram, Pasupathi shares his support for the 'Bison' actor","Dhruv Vikram, His Support, The 'Bison' Actor, Dhruv, Vikram, Pasupathi, Support, Bison, Actor",Entertainment,https://timesofindia.indiatimes.com/entertainment/tamil/movies/news/dhruv-vikram-not-to-be-compared-to-vikram-pasupathi-shares-his-support-for-the-bison-actor/articleshow/124824850.cms,TOI,2025-10-26 09:16:41
TOI World Desk,'Not at India's expense': US state secretary Marco Rubio's big remark on US-Pakistan ties - what he said,"India, Marco Rubio, India'S Expense, Us-Pakistan Ties, Expense, State, Secretary, Marco, Rubio, Remark",Technology,https://timesofindia.indiatimes.com/world/us/not-at-indias-expense-us-state-secretary-marco-rubios-big-remark-on-us-pakistan-ties-what-he-said/articleshow/124824245.cms,TOI,2025-10-26 09:16:41
TOI World Desk,Saudi gold prices hold steady amid online scam warnings: What you need to know,"Saudi, Saudi Gold Prices, Online Scam Warnings, Gold, Prices, Scam, Warnings",International,https://timesofindia.indiatimes.com/world/middle-east/saudi-gold-prices-hold-steady-amid-online-scam-warnings-what-you-need-to-know/articleshow/124824485.cms,TOI,2025-10-26 09:16:47
Bella Jaisinghani,Mumbai: City Catholics welcome new auxiliary bishop,"Mumbai, City Catholics, New Auxiliary Bishop, City, Catholics, Bishop",Technology,https://timesofindia.indiatimes.com/city/mumbai/mumbai-city-catholics-welcome-new-auxiliary-bishop/articleshow/124824548.cms,TOI,2025-10-26 09:16:48
TOI Entertainment Desk,RJ Balaji seeks blessings at the Tiruchendur Murugan temple; Clarifies the 'Karuppu' and 'Mookuthi Amman 2â connection,"Rj Balaji, Karuppu, The Tiruchendur Murugan Temple, The 'Karuppu, 2Â Connection, Balaji, Blessings, Tiruchendur, Murugan, Temple",General,https://timesofindia.indiatimes.com/entertainment/tamil/movies/news/rj-balaji-seeks-blessings-at-the-tiruchendur-murugan-temple-clarifies-the-karuppu-and-mookuthi-amman-2-connection/articleshow/124824536.cms,TOI,2025-10-26 09:16:53
Tanvi Trivedi,"Just a few days ago, Satishji said, âDonât worry I am going to live long': JD Majethia","Jd Majethia, Days, Satishji, Majethia",Technology,https://timesofindia.indiatimes.com/tv/news/hindi/just-a-few-days-ago-satishji-said-dont-worry-i-am-going-to-live-long-jd-majethia/articleshow/124824537.cms,TOI,2025-10-26 09:16:53
TOI Sports Desk,'Aye slip rakh na': Harshit Rana thanks former India captain for his dream wicket at SCG,"India, Former India Captain, His Dream Wicket, Rakh, Harshit, Rana, Thanks, Captain, Dream, Wicket",Technology,https://timesofindia.indiatimes.com/sports/cricket/india-vs-australia/aye-slip-rakh-na-harshit-rana-thanks-former-india-captain-for-his-dream-wicket-at-scg/articleshow/124824610.cms,TOI,2025-10-26 09:16:55
Abhijeet Patil,Satara doctorâs death ânot a suicide but an institutional murderâ: Rahul Gandhi,"Satara DoctorâS Death, A Suicide, An Institutional Murderâ, Rahul Gandhi, Satara, Death, Suicide, Rahul, Gandhi","Health, Crime",https://timesofindia.indiatimes.com/city/kolhapur/satara-doctors-death-not-a-suicide-but-an-institutional-murder-rahul-gandhi/articleshow/124824445.cms,TOI,2025-10-26 09:16:56
TOI Entertainment Desk,"OMEGA X Kevin talks about working in âMy Bias Is Showingâ, says âIt was my first time actingâ","Omega X Kevin, ÂIt, Omega X Kevin Talks, ÂMy Bias, My First Time, Omega, Kevin, Talks, Bias, Time",Entertainment,https://timesofindia.indiatimes.com/entertainment/k-pop/music/news/omega-x-kevin-talks-about-working-in-my-bias-is-showing-says-it-was-my-first-time-acting/articleshow/124823872.cms,TOI,2025-10-26 09:16:57
TOI Sports Desk,Vladimir Kramnik on Daniel Naroditsky's tragic death: 'I was the only person in the chess community',"Vladimir Kramnik, Daniel Naroditsky'S, Daniel Naroditsky'S Tragic Death, The Only Person, The Chess Community, Vladimir, Kramnik, Daniel, Naroditsky, Death",General,https://timesofindia.indiatimes.com/sports/chess/vladimir-kramnik-on-daniel-naroditskys-tragic-death-i-was-the-only-person-in-the-chess-community/articleshow/124824389.cms,TOI,2025-10-26 09:16:58
TOI Entertainment Desk,Deepika Padukone's fitness trainer recommends THESE 3 simple exercises at home for a toned and leaner back,"Deepika Padukone'S Fitness Trainer, These 3 Simple Exercises, Deepika, Padukone, Fitness, Trainer, Exercises, Home",Technology,https://timesofindia.indiatimes.com/entertainment/hindi/bollywood/news/deepika-padukones-fitness-trainer-recommends-these-3-simple-exercises-at-home-for-a-toned-and-leaner-back/articleshow/124824619.cms,TOI,2025-10-26 09:16:58
TOI Entertainment Desk,'First Asrani and now Satish Shah': Fans bid teary farewell to comedy legends,"'First Asrani, Teary Farewell, Comedy Legends, Asrani, Shah, Fans, Farewell, Comedy, Legends",General,https://timesofindia.indiatimes.com/entertainment/hindi/bollywood/news/first-asrani-and-now-satish-shah-fans-bid-teary-farewell-to-comedy-legends/articleshow/124824143.cms,TOI,2025-10-26 09:16:59
TOI Sports Desk,Shockwaves in Pakistan cricket! PCB to sack national head coach after Women's World Cup disaster,"Pakistan, Pakistan Cricket, National Head Coach, Women'S World Cup Disaster, Shockwaves, Cricket, Head, Coach, Women, World","International, Sports",https://timesofindia.indiatimes.com/sports/cricket/icc-womens-world-cup-2025/shockwaves-in-pakistan-cricket-pcb-to-sack-national-head-coach-after-womens-world-cup-disaster/articleshow/124824406.cms,TOI,2025-10-26 09:16:59
TOI Science Desk,Earth on high alert: Solar storm that devastated Venus could hit us next,"High Alert, Devastated Venus, Earth, Alert, Storm, Venus",General,https://timesofindia.indiatimes.com/science/earth-on-high-alert-solar-storm-that-devastated-venus-could-hit-us-next/articleshow/124819344.cms,TOI,2025-10-26 09:16:59
TOI Sports Desk,Rohit Sharmaâs coach reveals when he plans to retire,Coach,General,https://timesofindia.indiatimes.com/sports/cricket/india-vs-australia/rohit-sharmas-coach-reveals-when-he-plans-to-retire/articleshow/124824566.cms,TOI,2025-10-26 09:16:59
TOI Entertainment Desk,'He couldn't control his laughter': When late Satish Shah shared 1986 picture with 'Dear Friend' Farooq Shaikh,"His Laughter, Late Satish Shah, 1986 Picture, Dear Friend' Farooq Shaikh, Laughter, Satish, Shah, Picture, Friend, Farooq",Technology,https://timesofindia.indiatimes.com/entertainment/hindi/bollywood/news/he-couldnt-control-his-laughter-when-late-satish-shah-shared-1986-picture-with-dear-friend-farooq-shaikh/articleshow/124824708.cms,TOI,2025-10-26 09:17:00
TOI News Desk,'Greed for power': Tejashwi counters Chirag Paswan's 'no Muslim CM' charge; questions his 'vision',"Tejashwi Counters, His 'Vision, Greed, Power, Tejashwi, Counters, Paswan, Charge, Vision",General,https://timesofindia.indiatimes.com/india/greed-for-power-tejashwi-counters-chirag-paswans-no-muslim-cm-charge-questions-his-vision/articleshow/124823876.cms,TOI,2025-10-26 09:17:03
TOI Tech Desk,"General Motors lays off hundreds of engineers on Microsoft Teams; says: It's not your performance, it'sâ¦","General Motors, ¦, Microsoft Teams, Your Performance, General, Motors, Hundreds, Engineers, Microsoft, Teams",Sports,https://timesofindia.indiatimes.com/technology/tech-news/general-motors-lays-off-hundreds-of-engineers-on-microsoft-teams-says-its-not-your-performance-its/articleshow/124824468.cms,TOI,2025-10-26 09:17:04
Tanvi Trivedi,"Swaroop Sampat: Satishji always motivated me to stay fit and happy, he was a good friend, not just co-actor","A Good Friend, Swaroop, Sampat, Satishji, Friend, Actor","Technology, Entertainment, International",https://timesofindia.indiatimes.com/tv/news/hindi/swaroop-sampat-satishji-always-motivated-me-to-stay-fit-and-happy-he-was-a-good-friend-not-just-co-actor/articleshow/124824456.cms,TOI,2025-10-26 09:17:04
TOI Entertainment Desk,"Satish Shah funeral: Roopa Ganguly Ratna Pathak Shah, to David Dhawan, the industry gathers to honor the âSarabhai vs Sarabhaiâ star, who was laid to rest after his demise due to kidney failure","Satish, David Dhawan, The Industry, His Demise, Kidney Failure, Shah, Funeral, Roopa, Ganguly, Ratna",Technology,https://timesofindia.indiatimes.com/entertainment/hindi/bollywood/news/satish-shah-funeral-roopali-gangula-ratna-pathak-shah-to-david-dhawan-the-industry-gathers-to-honor-the-sarabhai-vs-sarabhai-star-who-was-laid-to-rest-after-his-demise-due-to-kidney-failure/articleshow/124823223.cms,TOI,2025-10-26 09:17:06
TOI Lifestyle Desk,Why there is no Saturday Night Live (SNL) episode this week,"Snl) Episode, Saturday, Night, Episode, Week",General,https://timesofindia.indiatimes.com/tv/news/english/why-there-is-no-saturday-night-live-snl-episode-this-week/articleshow/124823887.cms,TOI,2025-10-26 09:17:06
Neeraj Dhankher,"Aries Weekly Shani Horoscope, October 27 â November 2, 2025: Saturn chills impulse buys, think twice and keep cash","Horoscope, Â, Weekly Shani Horoscope, Saturn Chills, Impulse Buys, Aries, Weekly, Shani, October, November",General,https://timesofindia.indiatimes.com/astrology/horoscope/aries-weekly-shani-horoscope-october-27-november-2-2025-saturn-chills-impulse-buys-think-twice-and-keep-cash/articleshow/124785761.cms,TOI,2025-10-26 09:17:06
TOI News Desk,"Mann Ki Baat: PM lauds Chhath festival & Op Sindoor success; highlights environmental initiatives, urges unity","Mann Ki Baat, Pm Lauds Chhath Festival, Sindoor Success, Environmental Initiatives, Mann, Baat, Lauds, Chhath, Festival, Sindoor",Environment,https://timesofindia.indiatimes.com/india/mann-ki-baat-pm-lauds-chhath-festival-op-sindoor-success-highlights-environmental-initiatives-urges-unity/articleshow/124823398.cms,TOI,2025-10-26 09:17:06
TOI Entertainment Desk,"Naseeruddin Shah, Pankaj Kapur, Dilip Joshi, Supriya Pathak, Ratna Pathak Shah, Poonam Dhillon Farah Khan, Rupali Ganguly, Jackie Shroff: Celebs arrive at Satish Shah's funeral","Naseeruddin Shah, Pankaj Kapur, Dilip Joshi, Farah Khan, Jackie Shroff, Satish Shah'S, Supriya Pathak, Ratna Pathak Shah, Poonam Dhillon Farah Khan, Celebs Arrive",General,https://timesofindia.indiatimes.com/entertainment/hindi/bollywood/news/naseeruddin-shah-pankaj-kapur-dilip-joshi-supriya-pathak-poonam-dhillon-farah-khan-rupali-ganguly-jackie-shroff-celebs-arrive-at-satish-shahs-funeral/articleshow/124823904.cms,TOI,2025-10-26 09:17:07
Global Sports Desk,Stephen Curry's wife Ayesha Curry surprises fans with Instagram post featuring her custom Golden State Warriors gift amid divorce rumors,"Stephen Curry'S, Stephen Curry'S Wife, Ayesha Curry, Instagram Post, Divorce Rumors, Stephen, Curry, Wife, Ayesha, Fans",International,https://timesofindia.indiatimes.com/sports/nba/top-stories/stephen-currys-wife-ayesha-curry-surprises-fans-with-instagram-post-featuring-her-custom-golden-state-warriors-gift-amid-divorce-rumors/articleshow/124794390.cms,TOI,2025-10-26 09:17:07
Neeraj Dhankher,"Weekly Shani Horoscope (October 27 to November 2, 2025): Saturn revives old karma, these zodiac signs may relive an old fallout","Shani Horoscope, Weekly Shani, Old Karma, These Zodiac Signs, An Old Fallout, Shani, Horoscope, October, November, Saturn",General,https://timesofindia.indiatimes.com/astrology/horoscope/weekly-shani-horoscope-october-27-to-november-2-2025-saturn-revives-old-karma-these-zodiac-signs-may-relive-an-old-fallout/articleshow/124781947.cms,TOI,2025-10-26 09:17:07
TOI City Desk,"âRape allegations, relationship, marriage proposal and a palm noteâ: Big revelations in Maharashtra doctor suicide case","ÂRape Allegations, Marriage Proposal, Big Revelations, Maharashtra Doctor Suicide Case, Allegations, Relationship, Marriage, Proposal, Palm, Revelations",Health,https://timesofindia.indiatimes.com/city/pune/rape-relationship-marriage-proposal-and-palm-note-big-revelations-in-maharashtra-doctor-suicide-case/articleshow/124823291.cms,TOI,2025-10-26 09:17:07
Neeraj Dhankher,"Taurus Weekly Shani Horoscope, October 27 â November 2, 2025: Saturn reopens old karma, apologize once, then move on","Horoscope, Â, Weekly Shani Horoscope, Old Karma, Taurus, Shani, October, November, Saturn, Karma",General,https://timesofindia.indiatimes.com/astrology/horoscope/taurus-weekly-shani-horoscope-october-27-november-2-2025-saturn-reopens-old-karma-apologize-once-then-move-on/articleshow/124785919.cms,TOI,2025-10-26 09:17:07
TOI Trending Desk,8 creatures that quietly heal the Earth every day,"8 Creatures, The Earth, Creatures, Earth",General,https://timesofindia.indiatimes.com/etimes/trending/8-creatures-that-quietly-heal-the-earth-every-day/articleshow/124824219.cms,TOI,2025-10-26 09:17:14
Sandeep Raghavan,"Screams, smoke, shattered glass: Horrific memories of Kurnool bus fire haunt survivors; DNA reports of victims expected by Monday","Shattered Glass, Horrific Memories, Screams, Smoke, Glass, Memories, Kurnool, Fire, Haunt, Survivors",General,https://timesofindia.indiatimes.com/city/hyderabad/screams-smoke-shattered-glass-horrific-memories-of-kurnool-bus-fire-haunt-survivors-dna-reports-of-victims-expected-by-mon/articleshow/124824282.cms,TOI,2025-10-26 09:17:14
"Sandeep Raghavan,Yashaswini Sri","Screams, smoke, shattered glass: Horrific memories of Kurnool bus fire haunt survivors; DNA reports of victims expected by Monday","Shattered Glass, Horrific Memories, Screams, Smoke, Glass, Memories, Kurnool, Fire, Haunt, Survivors",General,https://timesofindia.indiatimes.com/city/hyderabad/screams-smoke-shattered-glass-horrific-memories-of-kurnool-bus-fire-haunt-survivors-dna-reports-of-victims-expected-by-mon/articleshow/124824282.cms,TOI,2025-10-26 09:17:14
Yashaswini Sri,"Screams, smoke, shattered glass: Horrific memories of Kurnool bus fire haunt survivors; DNA reports of victims expected by Monday","Shattered Glass, Horrific Memories, Screams, Smoke, Glass, Memories, Kurnool, Fire, Haunt, Survivors",General,https://timesofindia.indiatimes.com/city/hyderabad/screams-smoke-shattered-glass-horrific-memories-of-kurnool-bus-fire-haunt-survivors-dna-reports-of-victims-expected-by-mon/articleshow/124824282.cms,TOI,2025-10-26 09:17:14
Pathikrit Chakraborty,Bus catches fire on AgraâLucknow Expressway; all passengers safe,"Bus Catches, AgraâLucknow Expressway, All Passengers, Catches, Fire, Expressway, Passengers",General,https://timesofindia.indiatimes.com/city/lucknow/bus-catches-fire-on-agralucknow-expressway-all-passengers-safe/articleshow/124824094.cms,TOI,2025-10-26 09:17:15
TOI Tech Desk,What Peter Thiel told Elon Musk when he asked him about wealth: What am I supposed to doâgive it to my children or leave it with â¦,"Peter Thiel, ¦, Elon Musk, My Children, Peter, Thiel, Elon, Musk, Wealth, Children",General,https://timesofindia.indiatimes.com/technology/tech-news/what-peter-thiel-told-elon-musk-when-he-asked-him-about-wealth-what-am-i-supposed-to-dogive-it-to-my-children-or-leave-it-with-/articleshow/124824313.cms,TOI,2025-10-26 09:17:15
Raima Ganguly,"Big screens, special menus, rival fans: El ClÃ¡sico craze hits the city","Big Screens, El Clã¡Sico, Special Menus, Rival Fans, El Clã¡Sico Craze, The City, Screens, Menus, Fans, Craze",General,https://timesofindia.indiatimes.com/entertainment/big-screens-special-menus-rival-fans-el-clsico-craze-hits-the-city/articleshow/124824139.cms,TOI,2025-10-26 09:17:15
"Raima Ganguly,Eshna Bhattacharya","Big screens, special menus, rival fans: El ClÃ¡sico craze hits the city","Big Screens, El Clã¡Sico, Special Menus, Rival Fans, El Clã¡Sico Craze, The City, Screens, Menus, Fans, Craze",General,https://timesofindia.indiatimes.com/entertainment/big-screens-special-menus-rival-fans-el-clsico-craze-hits-the-city/articleshow/124824139.cms,TOI,2025-10-26 09:17:15
Eshna Bhattacharya,"Big screens, special menus, rival fans: El ClÃ¡sico craze hits the city","Big Screens, El Clã¡Sico, Special Menus, Rival Fans, El Clã¡Sico Craze, The City, Screens, Menus, Fans, Craze",General,https://timesofindia.indiatimes.com/entertainment/big-screens-special-menus-rival-fans-el-clsico-craze-hits-the-city/articleshow/124824139.cms,TOI,2025-10-26 09:17:15
Fatima S Attarwala,How Pakistanâs crypto craze has made it a scammerâs paradise,"ScammerâS, PakistanâS Crypto Craze, Crypto, Craze, Paradise",General,https://timesofindia.indiatimes.com/toi-plus/technology/how-pakistans-crypto-craze-has-made-it-a-scammers-paradise/articleshow/124823973.cms,TOI,2025-10-26 09:17:15
TOI Entertainment Desk,"Anupama Parameswaran on early trolls; Says, 'I hesitated to act in films'; Celebrates 'Bison' success","Anupama, Bison, Anupama Parameswaran, Early Trolls, Parameswaran, Trolls, Films, Success","International, Entertainment",https://timesofindia.indiatimes.com/entertainment/tamil/movies/news/anupama-parameswaran-on-early-trolls-says-i-hesitated-to-act-in-films-celebrates-bison-success/articleshow/124824063.cms,TOI,2025-10-26 09:17:15
TOI Entertainment Desk,Satish Shah passes away: Ananya Panday shares heartfelt tribute to veteran actor,"Ananya, Satish Shah, Heartfelt Tribute, Veteran Actor, Satish, Shah, Tribute, Veteran, Actor",Entertainment,https://timesofindia.indiatimes.com/entertainment/hindi/bollywood/news/satish-shah-passes-away-ananya-panday-shares-heartfelt-tribute-to-veteran-actor/articleshow/124823702.cms,TOI,2025-10-26 09:17:27
TOI Tech Desk,OpenAI CEO Sam Altmanâs stark warning: AI could bring âreally bad stuffâ,"Sam AltmanâS, Openai Ceo Sam, Stark Warning, ÂReally Bad Stuffâ, Openai, Warning","Technology, International",https://timesofindia.indiatimes.com/technology/tech-news/openai-ceo-sam-altmans-stark-warning-ai-could-bring-really-bad-stuff/articleshow/124823654.cms,TOI,2025-10-26 09:17:28
TOI Sports Desk,Retirement? Ravi Shastri panics after Virat Kohli's one-word reply - WATCH,"Virat Kohli'S, Ravi Shastri Panics, Retirement, Ravi, Panics, Virat, Kohli, Word, Reply",General,https://timesofindia.indiatimes.com/sports/cricket/india-vs-australia/retirement-ravi-shastri-panics-after-virat-kohlis-one-word-reply-watch/articleshow/124823395.cms,TOI,2025-10-26 09:17:29
Ruman Ganguly,"Crossed legs, crossed lines? Fine dining etiquette debate splits the internet","Fine Dining Etiquette Debate, The Internet, Legs, Lines, Dining, Etiquette, Debate, Internet",Technology,https://timesofindia.indiatimes.com/entertainment/crossed-legs-crossed-lines-fine-dining-etiquette-debate-splits-the-internet/articleshow/124823274.cms,TOI,2025-10-26 09:17:29
TOI Entertainment Desk,'The Girlfriend' OTT: Find out where will Rashmika Mandanna's romance drama stream after theatrical release - Report,"Mandanna'S Romance Drama Stream, Theatrical Release - Report, Girlfriend, Mandanna, Romance, Drama, Stream, Release, Report",General,https://timesofindia.indiatimes.com/entertainment/telugu/movies/news/the-girlfriend-ott-find-out-where-will-rashmika-mandannas-romance-drama-stream-after-theatrical-release-report/articleshow/124823637.cms,TOI,2025-10-26 09:17:29
TOI Sports Desk,"R Ashwin praises âfit and leanâ Rohit Sharma, makes massive comment on Virat Kohli: âHe was notâ¦â","Notâ¦, R Ashwin, Massive Comment, Virat Kohli, Ashwin, Sharma, Comment, Virat, Kohli",Technology,https://timesofindia.indiatimes.com/sports/cricket/india-vs-australia/r-ashwin-praises-fit-and-lean-rohit-sharma-makes-massive-comment-on-virat-kohli-he-was-not/articleshow/124823608.cms,TOI,2025-10-26 09:17:29
TOI Sports Desk,IND vs AUS: India handed crucial Alyssa Healy injury update ahead of Women's World Cup semi-final clash,"Ind Vs Aus: India, India, Alyssa, Healy, Injury, Update, Women, World, Clash",International,https://timesofindia.indiatimes.com/sports/cricket/icc-womens-world-cup-2025/ind-vs-aus-india-handed-crucial-alyssa-healy-injury-update-ahead-of-womens-world-cup-semi-final-clash/articleshow/124823086.cms,TOI,2025-10-26 09:17:29
TOI City Desk,Aurangabad railway station renamed Chhatrapati Sambhajinagar; new code âCPSNâ 3 years after cityâs name change,"Chhatrapati Sambhajinagar, Aurangabad Railway Station, CityâS Name Change, Railway, Station, Chhatrapati, Sambhajinagar, Code, Years, Change",Technology,https://timesofindia.indiatimes.com/city/aurangabad/aurangabad-railway-station-renamed-chhatrapati-sambhajinagar-new-code-cpsn-3-years-after-citys-name-change/articleshow/124823531.cms,TOI,2025-10-26 09:17:30
Sidhharrth S Kumaar,"Weekly Chinese Horoscope, October 26 to November 01: 5 zodiacs that are lucky","Chinese, Horoscope, Weekly Chinese Horoscope, 5 Zodiacs, October, November, Zodiacs",General,https://timesofindia.indiatimes.com/astrology/horoscope/weekly-chinese-horoscope-october-26-to-november-01-5-zodiacs-that-are-lucky/articleshow/124823708.cms,TOI,2025-10-26 09:17:31
TOI Lifestyle Desk,Understanding metastatic prostate cancer in men over 70: Know how to detect and modern treatment options that can extend life,"Metastatic Prostate Cancer, Prostate, Cancer, Treatment, Options, Life",Health,https://timesofindia.indiatimes.com/life-style/health-fitness/health-news/understanding-metastatic-prostate-cancer-in-men-over-70-know-how-to-detect-and-modern-treatment-options-that-can-extend-life/articleshow/124822405.cms,TOI,2025-10-26 09:17:31
TOI News Desk,'Institutional murder': Rahul Gandhi on Maharashtra doctorâs suicide case; accuses govt of âshielding criminalsâ,"Maharashtra DoctorâS, 'Institutional Murder, : Rahul Gandhi, DoctorâS Suicide Case, Murder, Gandhi, Maharashtra, Suicide, Case, Govt","Health, Crime",https://timesofindia.indiatimes.com/india/institutional-murder-rahul-gandhi-on-maharashtra-doctors-suicide-case-accuses-govt-of-shielding-criminals/articleshow/124823394.cms,TOI,2025-10-26 09:17:31
Sidhharrth S Kumaar,"Weekly Chinese Horoscope, October 26 to November 01, 2025: 5 zodiacs that need to be cautious","Chinese, Horoscope, Weekly Chinese Horoscope, 5 Zodiacs, October, November, Zodiacs",General,https://timesofindia.indiatimes.com/astrology/horoscope/weekly-chinese-horoscope-october-26-to-november-01-2025-5-zodiacs-that-need-to-be-cautious/articleshow/124823743.cms,TOI,2025-10-26 09:17:31
Edit Profile,"Hindi TV News: Check Latest News on Hindi TV Shows, TV Celebrities & Hindi TV Serials","Hindi Tv, Hindi Tv News, Latest News, Hindi Tv Shows, Tv Celebrities, Hindi Tv Serials, Hindi, News, Shows, Celebrities",Entertainment,https://timesofindia.indiatimes.com/tv/news/hindi,TOI,2025-10-26 09:17:45
Edit Profile,Latest Telugu Movies | List of New Telugu Films Releases 2025 | eTimes,"Latest Telugu Movies, | List, New Telugu Films, 2025 |, Telugu, Movies, List, Films",Entertainment,https://timesofindia.indiatimes.com/entertainment/latest-new-movies/telugu-movies,TOI,2025-10-26 09:17:45
Edit Profile,Home Remedies | Medical Remedies Easily Available at Home,"Home Remedies, Medical Remedies, Home, Remedies","Technology, Health",https://timesofindia.indiatimes.com/life-style/health-fitness/home-remedies,TOI,2025-10-26 09:17:45
Edit Profile,Latest Hindi Movies | List of New Hindi Films Releases 2025 | eTimes,"Latest Hindi Movies, | List, New Hindi Films, 2025 |, Hindi, Movies, List, Films",Entertainment,https://timesofindia.indiatimes.com/entertainment/latest-new-movies/hindi-movies,TOI,2025-10-26 09:17:45
Edit Profile,"Parenting Tips & Advice, Effective Parenting Skills, Parent Child Relationship & Support | Relationships - Times of India Lifestyle","Parenting Tips, Effective Parenting Skills, Parent Child Relationship, | Relationships - Times, India Lifestyle, Parenting, Tips, Advice, Skills, Parent",General,https://timesofindia.indiatimes.com/life-style/relationships/parenting,TOI,2025-10-26 09:17:45
Barsha Dutta,Will Lamar Jackson play against the Chicago Bears today? Latest injury update on the Baltimore Ravens' QB,"Lamar Jackson, Chicago, Baltimore, The Chicago Bears, Latest Injury Update, The Baltimore Ravens' Qb, Lamar, Jackson, Bears, Today",Technology,https://timesofindia.indiatimes.com/sports/nfl/news/will-lamar-jackson-play-against-the-chicago-bears-today-latest-injury-update-on-the-baltimore-ravens-qb/articleshow/124822493.cms,TOI,2025-10-26 09:17:46
Edit Profile,Latest Tamil Movies | List of New Tamil Films Releases 2025 | eTimes,"Latest Tamil Movies, | List, New Tamil Films, 2025 |, Movies, List, Tamil, Films",Entertainment,https://timesofindia.indiatimes.com/entertainment/latest-new-movies/tamil-movies,TOI,2025-10-26 09:17:46
Edit Profile,"Weight loss Tips, Weight loss exercise, Losing Belly Fat, Flat Tummy Diet Plans","Weight Loss Tips, Weight Loss Exercise, Belly Fat, Flat Tummy Diet Plans, Weight, Loss, Tips, Exercise, Belly, Diet",General,https://timesofindia.indiatimes.com/life-style/health-fitness/weight-loss,TOI,2025-10-26 09:17:46
Edit Profile,Times of India Cookie Policy and Privacy Notice,"Times Of, India Cookie, India Cookie Policy, Privacy Notice, Times, India, Cookie, Policy, Privacy, Notice",Politics,https://timesofindia.indiatimes.com/privacy-policy/cookiepolicy/86934312.cms,TOI,2025-10-26 09:18:08
Prasanna Tantri,Trump card: Why India must woo AI superstars like Meta does,"India, Trump, Card, Superstars",Technology,https://timesofindia.indiatimes.com/toi-plus/technology/trump-card-why-india-must-woo-ai-superstars-like-meta-does/articleshow/124824280.cms,TOI,2025-10-26 09:18:09
Aditya Kuvalekar,Trump card: Why India must woo AI superstars like Meta does,"India, Trump, Card, Superstars",Technology,https://timesofindia.indiatimes.com/toi-plus/technology/trump-card-why-india-must-woo-ai-superstars-like-meta-does/articleshow/124824280.cms,TOI,2025-10-26 09:18:09
"Aditya Kuvalekar,Prasanna Tantri",Trump card: Why India must woo AI superstars like Meta does,"India, Trump, Card, Superstars",Technology,https://timesofindia.indiatimes.com/toi-plus/technology/trump-card-why-india-must-woo-ai-superstars-like-meta-does/articleshow/124824280.cms,TOI,2025-10-26 09:18:09
TOI Entertainment Desk,'Dragon' shoot: Jr NTR and Prashanth Neel's film set for major Africa schedule-Report,"Jr Ntr, Prashanth Neel'S, Africa, 'Dragon' Shoot, Major Africa Schedule-Report, Dragon, Shoot, Neel, Film, Schedule",Entertainment,https://timesofindia.indiatimes.com/entertainment/telugu/movies/news/dragon-shoot-jr-ntr-and-prashanth-neels-film-set-for-major-africa-schedule-report/articleshow/124824325.cms,TOI,2025-10-26 09:18:10
Edit Profile,Upcoming Kannada Movies 2025 | Kannada Movies Releasing This Week | eTimes,"Kannada, Upcoming Kannada Movies, 2025 | Kannada Movies, Movies, Week",Entertainment,https://timesofindia.indiatimes.com/entertainment/upcoming-movies/upcoming-kannada-movies,TOI,2025-10-26 09:18:11
Edit Profile,Upcoming Malayalam Movies 2025 | Malayalam Movies Releasing This Week | eTimes,"Upcoming Malayalam Movies, Malayalam Movies, Movies, Week",Entertainment,https://timesofindia.indiatimes.com/entertainment/upcoming-movies/upcoming-malayalam-movies,TOI,2025-10-26 09:18:11
TOI Entertainment Desk,'Itâs not about who's better...': Kiara Advani had auditioned for Aamir Khan-Kareena Kapoor starrer 'Laal Singh Chaddha',"Kiara Advani, Aamir Khan-Kareena, Singh, Kiara, Advani, Aamir, Khan, Kareena, Kapoor, Starrer",General,https://timesofindia.indiatimes.com/entertainment/hindi/bollywood/news/its-not-about-whos-better-kiara-advani-had-auditioned-for-aamir-khan-kareena-kapoor-starrer-laal-singh-chaddha/articleshow/124496172.cms,TOI,2025-10-26 09:18:13
TOI Entertainment Desk,'This is such a non-issue': Kim Kardashian defends daughter North Westâs bold look,"Kim Kardashian, Daughter North, Issue, Kardashian, Daughter, North",General,https://timesofindia.indiatimes.com/entertainment/english/hollywood/news/this-is-such-a-non-issue-kim-kardashian-defends-daughter-north-wests-bold-look/articleshow/124824346.cms,TOI,2025-10-26 09:18:13
Jamal Ayub,"Dhanteras tragedy: Injured by carbide gun, it took 11-yr-old boy 5 long days to reach Bhopal for treatment","Dhanteras Tragedy:, Carbide Gun, 11-Yr-Old Boy, Dhanteras, Tragedy, Carbide, Days, Bhopal, Treatment",Health,https://timesofindia.indiatimes.com/city/bhopal/dhanteras-tragedy-injured-by-carbide-gun-it-took-11-yr-old-boy-5-long-days-to-reach-bhopal-for-treatment/articleshow/124824253.cms,TOI,2025-10-26 09:18:13
Edit Profile,"Bollywood News, Latest Bollywood Gossip, Actresses, Actors, Movies, Films India | Entertainment - Times of India","India, Bollywood News, Latest Bollywood Gossip, Bollywood, News, Gossip, Actresses, Actors, Movies, Entertainment","Technology, Entertainment",https://timesofindia.indiatimes.com/entertainment/hindi/bollywood/news,TOI,2025-10-26 09:18:13
TOI World Desk,"Israel-Hamas conflict: Video shows bulldozers entering Gaza as Egyptian team searches for hostages, victims - watch","Israel, Gaza, Egyptian, Egyptian Team, Hamas, Conflict, Video, Bulldozers, Team, Hostages","Entertainment, Sports",https://timesofindia.indiatimes.com/world/middle-east/israel-hamas-conflict-video-shows-bulldozers-entering-gaza-as-egyptian-team-searches-for-hostages-victims-watch/articleshow/124824115.cms,TOI,2025-10-26 09:18:14
Edit Profile,"Mollywood News: Malayalam Cinema News, Movies, Celebrities, Actresses, Actors, Films, Songs, Videos | Entertainment - Times of India","India, Mollywood News, Malayalam Cinema News, | Entertainment - Times, Mollywood, News, Malayalam, Cinema, Movies, Celebrities","Technology, Entertainment",https://timesofindia.indiatimes.com/entertainment/malayalam/movies/news,TOI,2025-10-26 09:18:14
Edit Profile,"Telugu Cinema News (తెలుగు సినిమా న్యూస్): Tollywood News, Movies, Celebrities, Actresses, Actors, Films, Songs, Videos | Entertainment - Times of India","Tollywood News, India, Telugu Cinema News, (తెలుగు సినిమా న్యూస్, | Entertainment - Times, Telugu, Cinema, News, Tollywood, Movies","Technology, Entertainment",https://timesofindia.indiatimes.com/entertainment/telugu/movies/news,TOI,2025-10-26 09:18:14
Edit Profile,"Tamil Cinema News: Kollywood News, Movies, Celebrities, Actresses, Actors, Films, Songs, Videos | Entertainment - Times of India","India, Tamil Cinema News, Kollywood News, | Entertainment - Times, Tamil, Cinema, News, Kollywood, Movies, Celebrities","Technology, Entertainment",https://timesofindia.indiatimes.com/entertainment/tamil/movies/news,TOI,2025-10-26 09:18:14
TOI World Desk,âNot wasting timeâ: Trump says no meeting with Putin until deal on Ukraine; admits heâs 'disappointed',"Putin, Ukraine, No Meeting, Trump, Meeting, Deal",Technology,https://timesofindia.indiatimes.com/world/us/not-wasting-time-trump-says-no-meeting-with-putin-until-deal-on-ukraine-admits-hes-disappointed/articleshow/124821520.cms,TOI,2025-10-26 09:18:23
Nitin Naik,Sydney Showstoppers! Ro-Ko deny Australia clean sweep; India win third ODI by nine wickets,"Sydney Showstoppers, Ro-Ko, Australia, India, Australia Clean Sweep, Nine Wickets, Sydney, Showstoppers, Sweep, Wickets",Entertainment,https://timesofindia.indiatimes.com/sports/cricket/india-vs-australia/sydney-showstoppers-ro-ko-deny-australia-clean-sweep-india-win-third-odi-by-nine-wickets/articleshow/124821876.cms,TOI,2025-10-26 09:18:23
TOI Astrology,"Daily Egyptian Horoscope for October 26, 2025: These zodiac signs may face emotional chaos and hidden tension","Egyptian, Horoscope, Daily Egyptian Horoscope, These Zodiac Signs, Emotional Chaos, Hidden Tension, Daily, October, Zodiac, Signs",Technology,https://timesofindia.indiatimes.com/astrology/horoscope/daily-egyptian-horoscope-for-october-26-2025-these-zodiac-signs-may-face-emotional-chaos-and-hidden-tension/articleshow/124790181.cms,TOI,2025-10-26 09:18:23
TOI Astrology,Nostradamus chilling prediction for end of 2025: Ominous signs warn of global catastrophe,"Nostradamus Chilling Prediction, Ominous Signs, Global Catastrophe, Nostradamus, Prediction, Signs, Catastrophe",International,https://timesofindia.indiatimes.com/astrology/zodiacs-astrology/nostradamus-chilling-prediction-for-end-of-2025-ominous-signs-warn-of-global-catastrophe/articleshow/124817843.cms,TOI,2025-10-26 09:18:23
TOI Education,CBSE LOC data correction window 2025 closes tomorrow: Check details here,"Cbse Loc, Cbse, Data, Correction, Window, Tomorrow, Details",Technology,https://timesofindia.indiatimes.com/education/news/cbse-loc-data-correction-window-2025-closes-tomorrow-check-details-here/articleshow/124821804.cms,TOI,2025-10-26 09:18:25
TOI Tech Desk,Binance co-founder sends âThank Youâ message to Donald Trump after pardon,"ÂThank, Donald Trump, Binance Co, Youâ Message, Binance, Founder, Message, Donald, Trump, Pardon",General,https://timesofindia.indiatimes.com/technology/tech-news/binance-co-founder-sends-thank-you-message-to-donald-trump-after-pardon/articleshow/124821782.cms,TOI,2025-10-26 09:18:26
Global Sports Desk,LSU head coach Brian Kelly faces backlash as fans call to fire him after A&M loss: Inside his $52 million contract and buyout price tag,"Lsu Head, Brian Kelly, A&M, A&M Loss, His $52 Million Contract, Price Tag, Head, Coach, Brian, Kelly",General,https://timesofindia.indiatimes.com/sports/international-sports/lsu-head-coach-brian-kelly-faces-backlash-as-fans-call-to-fire-him-after-am-loss-inside-his-52-million-contract-and-buyout-price-tag/articleshow/124821808.cms,TOI,2025-10-26 09:18:26
TOI Lifestyle Desk,"Harvard study warns: Your heart rate, not steps, could be the hidden danger to your health","Harvard, Harvard Study, Your Heart Rate, Not Steps, The Hidden Danger, Your Health, Study, Heart, Rate, Steps","Health, International",https://timesofindia.indiatimes.com/life-style/health-fitness/health-news/harvard-study-warns-your-heart-rate-not-steps-could-be-the-hidden-danger-to-your-health/articleshow/124821755.cms,TOI,2025-10-26 09:18:26
TOI Education,"Lincoln University homecoming shooting leaves students traumatised, at least five injured","Lincoln University, Lincoln University Homecoming Shooting, Lincoln, University, Homecoming, Shooting, Students",Education,https://timesofindia.indiatimes.com/education/news/lincoln-university-homecoming-shooting-leaves-students-traumatised-at-least-five-injured/articleshow/124821806.cms,TOI,2025-10-26 09:18:26
TOI Tech Desk,Google leases massive Gurugram office space in âone of the biggest office space transactions of the yearâ,"Google, Massive Gurugram Office Space, The Yearâ, Gurugram, Office, Space, Transactions",General,https://timesofindia.indiatimes.com/technology/tech-news/google-leases-massive-gurugram-office-space-in-one-of-the-biggest-office-space-transactions-of-the-year/articleshow/124821802.cms,TOI,2025-10-26 09:18:26
Vinay MR Mishra,Exclusive! Krystle Dsouza breaks up with restaurateur boyfriend,"Krystle, Krystle Dsouza, Restaurateur Boyfriend, Dsouza, Restaurateur, Boyfriend",General,https://timesofindia.indiatimes.com/tv/news/hindi/krystle-dsouza-splits-with-gulaam-gouse-deewani/articleshow/124821805.cms,TOI,2025-10-26 09:18:26
TOI Entertainment Desk,"'I'm in no hurry to die,' Satish Shah had once said expressing that he took a sabbatical from acting to rejuvinate himself","No Hurry, Satish Shah, A Sabbatical, Hurry, Satish, Shah, Sabbatical",Technology,https://timesofindia.indiatimes.com/entertainment/hindi/bollywood/news/im-in-no-hurry-to-die-satish-shah-had-once-said-expressing-that-he-took-a-sabbatical-from-acting-to-rejuvinate-himself/articleshow/124821597.cms,TOI,2025-10-26 09:18:26
TOI Entertainment Desk,'Shiva' re-release in 4K: Allu Arjun calls Nagarjuna starrer a turning point in Telugu cinema,"Allu Arjun, Nagarjuna Starrer, A Turning Point, Telugu Cinema, Release, Allu, Arjun, Nagarjuna, Starrer, Turning",General,https://timesofindia.indiatimes.com/entertainment/telugu/movies/news/shiva-re-release-in-4k-allu-arjun-calls-nagarjuna-starrer-a-turning-point-in-telugu-cinema/articleshow/124821960.cms,TOI,2025-10-26 09:18:30
TOI Business Desk,US-China trade talks: âMoving forwardâ towards final agreement; Trump expresses hope for 'comprehensive deal' with Xi,"Xi, Final Agreement, Comprehensive Deal, China, Trade, Talks, Agreement, Trump, Hope, Deal","International, Economy",https://timesofindia.indiatimes.com/business/international-business/us-china-trade-talks-moving-forward-towards-final-agreement-trump-expresses-hope-for-comprehensive-deal-with-xi/articleshow/124821940.cms,TOI,2025-10-26 09:18:30
Nitin Naik,"Rohit Sharma 3.0 takes guard: Under Shubman Gill, Gautam Gambhir, opener reprises role of being a calculated accumulator of runs","Shubman Gill, Gautam Gambhir, A Calculated Accumulator, Rohit, Sharma, Guard, Shubman, Gill, Gautam, Gambhir",General,https://timesofindia.indiatimes.com/sports/cricket/india-vs-australia/rohit-sharma-3-0-takes-guard-under-shubman-gill-gautam-gambhir-opener-reprises-role-of-being-a-calculated-accumulator-of-runs/articleshow/124822040.cms,TOI,2025-10-26 09:18:32
TOI World Desk,Justin Trudeau dating Katy Perry: Where is his ex-wife Sophie?,"Justin, Katy Perry, His Ex-Wife Sophie, Trudeau, Katy, Perry, Sophie",General,https://timesofindia.indiatimes.com/world/rest-of-world/justin-trudeau-dating-katy-perry-where-is-his-ex-wife-sophie/articleshow/124821950.cms,TOI,2025-10-26 09:18:32
TOI Lifestyle Desk,"Delhi air quality turns âVery Poorâ, will it improve or get worse? Things travellers need to know","Delhi Air Quality, Things Travellers, Quality, Things, Travellers",Technology,https://timesofindia.indiatimes.com/life-style/travel/delhi-air-quality-turns-very-poor-will-it-improve-or-get-worse-things-travellers-need-to-know/articleshow/124821987.cms,TOI,2025-10-26 09:18:40
Korean Wave,The Times of India,"The Times Of India, The Times, Times, India",General,https://timesofindia.indiatimes.com/,TOI,2025-10-26 09:55:32
TOI Entertainment Desk,"George Clooney recalls working as a driver, being yelled at by Frank Sinatra, and more; Read more","George Clooney, Frank Sinatra, A Driver, George, Clooney, Driver, Frank, Sinatra",General,https://timesofindia.indiatimes.com/entertainment/english/hollywood/news/george-clooney-recalls-working-as-a-driver-being-yelled-at-by-frank-sinatra-and-more-read-more/articleshow/124825281.cms,TOI,2025-10-26 09:55:33
TOI Science Desk,"How humans almost vanished from Earth in 70,000 BCE due to volcanic winter and population collapse","70,000 Bce, Humans, Earth, Winter, Population, Collapse",General,https://timesofindia.indiatimes.com/science/how-humans-almost-vanished-from-earth-in-70000-bce-due-to-volcanic-winter-and-population-collapse/articleshow/124822054.cms,TOI,2025-10-26 09:55:35
TOI Education,UPSC Medical Officer admit card 2025 released at upsc.gov.in: Direct link to download hall tickets here,"Direct Link, Hall Tickets, Upsc, Officer, Card, Link, Hall, Tickets",Health,https://timesofindia.indiatimes.com/education/news/upsc-medical-officer-admit-card-2025-released-at-upsc-gov-in-direct-link-to-download-hall-tickets-here/articleshow/124825341.cms,TOI,2025-10-26 09:55:37
TOI World Desk,UAE tops global VPN usage with 6 million downloads: But is it legal? What every resident must know,"Uae Tops, 6 Million Downloads, Every Resident, Tops, Global, Usage, Downloads, Resident",International,https://timesofindia.indiatimes.com/world/middle-east/uae-tops-global-vpn-usage-with-6-million-downloads-but-is-it-legal-what-every-resident-must-know/articleshow/124825022.cms,TOI,2025-10-26 09:56:10
Barsha Dutta,Will Jaxson Dart play against the Philadelphia Eagles today? Latest injury update on the New York Giants' quarterback,"Philadelphia, The New York Giants', Jaxson Dart, The Philadelphia Eagles, Latest Injury Update, Jaxson, Dart, Eagles, Today, Injury",Technology,https://timesofindia.indiatimes.com/sports/nfl/news/will-jaxson-dart-play-against-the-philadelphia-eagles-today-latest-injury-update-on-the-new-york-giants-quarterback/articleshow/124822724.cms,TOI,2025-10-26 09:56:40
TOI Entertainment Desk,"Singer Miguel says, âItâs a scary timeâ while addressing Donald Trumpâs anti-immigration crackdown","Miguel Says, ÂItâS, Singer Miguel, A Scary Timeâ, TrumpâS Anti-Immigration Crackdown, Singer, Miguel, Donald, Crackdown",General,https://timesofindia.indiatimes.com/entertainment/english/music/news/singer-miguel-says-its-a-scary-time-while-addressing-donald-trumps-anti-immigration-crackdown/articleshow/124825214.cms,TOI,2025-10-26 09:56:41
TOI Tech Desk,"Amazon founder Jeff Bezos predicts: In the next decade, there will be millions ofâ¦","Amazon, Jeff, ¦, Amazon Founder Jeff Bezos, The Next Decade, Millions Ofâ¦, Founder, Bezos, Decade, Millions",General,https://timesofindia.indiatimes.com/technology/tech-news/amazon-founder-jeff-bezos-predicts-in-the-next-decade-there-will-be-millions-of/articleshow/124825213.cms,TOI,2025-10-26 09:56:41
TOI Entertainment Desk,âNo botox in my faceâ: Hailey Bieber reveals the truth about her cosmetic treatments,"ÂNo Botox, Hailey, My Faceâ, Hailey Bieber, The Truth, Her Cosmetic Treatments, Botox, Bieber, Truth, Treatments","Technology, Health",https://timesofindia.indiatimes.com/entertainment/english/hollywood/news/no-botox-in-my-face-hailey-bieber-reveals-the-truth-about-her-cosmetic-treatments/articleshow/124825125.cms,TOI,2025-10-26 09:56:41
Trisha Tewari,Japanâs first female PM Sanae Takaichi disavows work-life balance: What are the implications of relentless labor on productivity?,"Work-Life Balance, The Implications, Relentless Labor, Sanae, Takaichi, Work, Life, Balance, Implications, Labor",Technology,https://timesofindia.indiatimes.com/education/news/japans-first-female-pm-sanae-takaichi-disavows-work-life-balance-what-are-the-implications-of-relentless-labor-on-productivity/articleshow/124825008.cms,TOI,2025-10-26 09:56:41
TOI Education,"Indiaâs top MBA colleges 2025: IIM Ahmedabad, IIM Bangalore, and ISB shine in global rankings","IndiaâS Top Mba Colleges, Iim Ahmedabad, Iim Bangalore, Global Rankings, Colleges, Ahmedabad, Bangalore, Rankings","International, Education",https://timesofindia.indiatimes.com/education/news/indias-top-mba-colleges-2025-iim-ahmedabad-iim-bangalore-and-isb-shine-in-global-rankings/articleshow/124825086.cms,TOI,2025-10-26 09:56:41
TOI Entertainment Desk,Satish Shah underwent kidney transplant; 'wanted to live for wife Madhu' friend reveals,"Satish, Madhu, Satish Shah, Kidney Transplant, Wife Madhu' Friend, Shah, Kidney, Transplant, Wife, Friend",General,https://timesofindia.indiatimes.com/entertainment/hindi/bollywood/news/satish-shah-underwent-kidney-transplant-wanted-to-live-for-wife-madhu-friend-reveals/articleshow/124824765.cms,TOI,2025-10-26 09:56:41
TOI News Desk,Manâs Rolex seized at Delhi airport; HC provides reliefâ Check how customs rules apply to declaring high-value items,"Delhi Airport, Customs Rules, High-Value Items, Rolex, Delhi, Airport, Customs, Rules, Value, Items",Technology,https://timesofindia.indiatimes.com/india/mans-rolex-seized-at-delhi-airport-hc-provides-relief-check-how-customs-rules-apply-to-declaring-high-value-items/articleshow/124824864.cms,TOI,2025-10-26 09:56:42
Neeraj Dhankher,"Gemini Weekly Shani Horoscope, October 27 â November 2, 2025: Saturn strains stamina, sleep early or burn out","Horoscope, Â, Gemini, Weekly, Shani, October, November, Saturn, Stamina",Technology,https://timesofindia.indiatimes.com/astrology/horoscope/gemini-weekly-shani-horoscope-october-27-november-2-2025-saturn-strains-stamina-sleep-early-or-burn-out/articleshow/124786015.cms,TOI,2025-10-26 09:56:42
TOI Lifestyle Desk,Lucifer star Tom Ellis reveals he almost joined Marvelâs The Fantastic Four: First Steps,"Lucifer Star, Tom Ellis, Lucifer Star Tom Ellis, First Steps, Lucifer, Star, Ellis, Fantastic, Steps",General,https://timesofindia.indiatimes.com/entertainment/english/hollywood/news/lucifer-star-tom-ellis-reveals-he-almost-joined-marvels-the-fantastic-four-first-steps/articleshow/124825283.cms,TOI,2025-10-26 09:56:42
Barsha Dutta,Will Saquon Barkley play against the New York Giants today? Latest injury update on the Philadelphia Eagles' running back,"Barkley, The New York, Philadelphia, The New York Giants, Latest Injury Update, The Philadelphia Eagles, York, Giants, Today, Injury",Technology,https://timesofindia.indiatimes.com/sports/nfl/news/will-saquon-barkley-play-against-the-new-york-giants-today-latest-injury-update-on-the-philadelphia-eagles-running-back/articleshow/124822628.cms,TOI,2025-10-26 09:56:42
Neeraj Dhankher,"Cancer Weekly Shani Horoscope, October 27 â November 2, 2025: Saturn spotlights reputation, under-promise, over-deliver","Horoscope, Â, Saturn Spotlights Reputation, Cancer, Weekly, Shani, October, November, Saturn, Spotlights",General,https://timesofindia.indiatimes.com/astrology/horoscope/cancer-weekly-shani-horoscope-october-27-november-2-2025-saturn-spotlights-reputation-under-promise-over-deliver/articleshow/124786116.cms,TOI,2025-10-26 09:57:07
TOI Entertainment Desk,âNobody wants thisâ: Adam Brody says Seth Rogen was âincredibly gregariousâ in the show,"Seth Rogen, Adam Brody, ÂIncredibly Gregariousâ, Adam, Brody, Seth, Rogen",Entertainment,https://timesofindia.indiatimes.com/web-series/news/english/nobody-wants-this-adam-brody-says-seth-rogen-was-incredibly-gregarious-in-the-show/articleshow/124825378.cms,TOI,2025-10-26 09:57:08
TOI Business Desk,Donald Trump at ASEAN: US and Malaysia sign major trade agreement; more deals from Indo-Pacific partners in process,"Donald Trump, Malaysia, Major Trade Agreement, More Deals, Indo-Pacific Partners, Donald, Trump, Asean, Trade, Agreement",Economy,https://timesofindia.indiatimes.com/business/international-business/donald-trump-at-asean-us-and-malaysia-sign-major-trade-agreement-more-deals-from-indo-pacific-partners-in-process/articleshow/124824403.cms,TOI,2025-10-26 09:57:13
TOI Lifestyle Desk,Breakthrough in Cancer treatment: Scientists develop experiential âsuper vaccineâ with 'outstanding' results on cancerous mice,"Cancer Treatment, Experiential ÂSuper Vaccineâ, 'Outstanding' Results, Cancerous Mice, Breakthrough, Cancer, Treatment, Scientists, Results, Mice",Health,https://timesofindia.indiatimes.com/life-style/health-fitness/health-news/breakthrough-in-cancer-treatment-scientists-develop-experiential-super-vaccine-with-outstanding-results-on-cancerous-mice/articleshow/124824637.cms,TOI,2025-10-26 09:57:14
Sidhharrth S Kumaar,"Weekly Career Horoscope, October 26 to November 01, 2025: Success, challenges, and breakthroughs; Know about your Career","Horoscope, Weekly Career Horoscope, Your Career, Career, October, November, Success, Challenges, Breakthroughs",General,https://timesofindia.indiatimes.com/astrology/horoscope/weekly-career-horoscope-october-26-to-november-01-2025-success-challenges-and-breakthroughs-know-about-your-career/articleshow/124824814.cms,TOI,2025-10-26 09:57:23
Barsha Dutta,Will Lamar Jackson play against the Chicago Bears today? Latest injury update on the Baltimore Ravens' QB,"Lamar Jackson, Chicago, Baltimore, The Chicago Bears, Latest Injury Update, The Baltimore Ravens' Qb, Lamar, Jackson, Bears, Today",Technology,https://timesofindia.indiatimes.com/sports/nfl/news/will-lamar-jackson-play-against-the-chicago-bears-today-latest-injury-update-on-the-baltimore-ravens-qb/articleshow/124822493.cms,TOI,2025-10-26 09:57:23
TOI Sports Desk,'Aye slip rakh na': Harshit Rana thanks former India captain for his dream wicket at SCG,"India, Former India Captain, His Dream Wicket, Rakh, Harshit, Rana, Thanks, Captain, Dream, Wicket",Technology,https://timesofindia.indiatimes.com/sports/cricket/india-vs-australia/aye-slip-rakh-na-harshit-rana-thanks-former-india-captain-for-his-dream-wicket-at-scg/articleshow/124824610.cms,TOI,2025-10-26 09:57:27
TOI Lifestyle Desk,Janhvi Kapoorâs nostalgic Cavalli moment is a love letter to the boldness of 2000s fashion,"Janhvi KapoorâS, Nostalgic Cavalli Moment, A Love Letter, The Boldness, Janhvi, Cavalli, Moment, Love, Letter, Boldness",General,https://timesofindia.indiatimes.com/life-style/fashion/celeb-style/janhvi-kapoors-nostalgic-cavalli-moment-is-a-love-letter-to-the-boldness-of-2000s-fashion/articleshow/124824569.cms,TOI,2025-10-26 09:57:30
TOI Tech Desk,Elon Musk on Grok kids mode: Has same settings that companies want forâ¦,"¦, Elon Musk, Grok Kids Mode, Same Settings, Elon, Musk, Grok, Kids, Mode, Settings",General,https://timesofindia.indiatimes.com/technology/tech-news/elon-musk-on-grok-kids-mode-has-same-settings-that-companies-want-for/articleshow/124824712.cms,TOI,2025-10-26 09:57:30
TOI Entertainment Desk,Deepika Padukone's fitness trainer recommends THESE 3 simple exercises at home for a toned and leaner back,"Deepika Padukone'S Fitness Trainer, These 3 Simple Exercises, Deepika, Padukone, Fitness, Trainer, Exercises, Home",Technology,https://timesofindia.indiatimes.com/entertainment/hindi/bollywood/news/deepika-padukones-fitness-trainer-recommends-these-3-simple-exercises-at-home-for-a-toned-and-leaner-back/articleshow/124824619.cms,TOI,2025-10-26 09:57:30
TOI Entertainment Desk,"Dhruv Vikram not to be compared to Vikram, Pasupathi shares his support for the 'Bison' actor","Dhruv Vikram, His Support, The 'Bison' Actor, Dhruv, Vikram, Pasupathi, Support, Bison, Actor",Entertainment,https://timesofindia.indiatimes.com/entertainment/tamil/movies/news/dhruv-vikram-not-to-be-compared-to-vikram-pasupathi-shares-his-support-for-the-bison-actor/articleshow/124824850.cms,TOI,2025-10-26 09:57:30
TOI Sports Desk,Rohit Sharmaâs coach reveals when he plans to retire,Coach,General,https://timesofindia.indiatimes.com/sports/cricket/india-vs-australia/rohit-sharmas-coach-reveals-when-he-plans-to-retire/articleshow/124824566.cms,TOI,2025-10-26 09:57:31
Neeraj Dhankher,"Taurus Weekly Shani Horoscope, October 27 â November 2, 2025: Saturn reopens old karma, apologize once, then move on","Horoscope, Â, Weekly Shani Horoscope, Old Karma, Taurus, Shani, October, November, Saturn, Karma",General,https://timesofindia.indiatimes.com/astrology/horoscope/taurus-weekly-shani-horoscope-october-27-november-2-2025-saturn-reopens-old-karma-apologize-once-then-move-on/articleshow/124785919.cms,TOI,2025-10-26 09:57:31
Tanvi Trivedi,"Just a few days ago, Satishji said, âDonât worry I am going to live long': JD Majethia","Jd Majethia, Days, Satishji, Majethia",Technology,https://timesofindia.indiatimes.com/tv/news/hindi/just-a-few-days-ago-satishji-said-dont-worry-i-am-going-to-live-long-jd-majethia/articleshow/124824537.cms,TOI,2025-10-26 09:57:31
TOI Sports Desk,"After sitting out Sydney ODI vs Australia, Arshdeep Singh shares âTruckaaan Vaaleâ post - Watch","Australia, Singh, ÂTruckaaan, , Arshdeep Singh Shares, Vaaleâ Post, Sydney, Shares, Post",General,https://timesofindia.indiatimes.com/sports/cricket/india-vs-australia/after-sitting-out-sydney-odi-vs-australia-arshdeep-singh-shares-truckaaan-vaale-post-watch/articleshow/124824608.cms,TOI,2025-10-26 09:57:31
TOI Entertainment Desk,'He couldn't control his laughter': When late Satish Shah shared 1986 picture with 'Dear Friend' Farooq Shaikh,"His Laughter, Late Satish Shah, 1986 Picture, Dear Friend' Farooq Shaikh, Laughter, Satish, Shah, Picture, Friend, Farooq",Technology,https://timesofindia.indiatimes.com/entertainment/hindi/bollywood/news/he-couldnt-control-his-laughter-when-late-satish-shah-shared-1986-picture-with-dear-friend-farooq-shaikh/articleshow/124824708.cms,TOI,2025-10-26 09:57:31
TOI World Desk,Saudi gold prices hold steady amid online scam warnings: What you need to know,"Saudi, Saudi Gold Prices, Online Scam Warnings, Gold, Prices, Scam, Warnings",International,https://timesofindia.indiatimes.com/world/middle-east/saudi-gold-prices-hold-steady-amid-online-scam-warnings-what-you-need-to-know/articleshow/124824485.cms,TOI,2025-10-26 09:57:31
Barsha Dutta,Will Kyler Gordon play against the Baltimore Ravens today? Latest injury update on the Chicago Bears' cornerback,"Baltimore, Chicago, Will Kyler Gordon, The Baltimore Ravens, Latest Injury Update, The Chicago Bears' Cornerback, Gordon, Ravens, Today, Injury",Technology,https://timesofindia.indiatimes.com/sports/nfl/news/will-kyler-gordon-play-against-the-baltimore-ravens-today-latest-injury-update-on-the-chicago-bears-cornerback/articleshow/124822567.cms,TOI,2025-10-26 09:57:32
TOI World Desk,'Not at India's expense': US state secretary Marco Rubio's big remark on US-Pakistan ties - what he said,"India, Marco Rubio, India'S Expense, Us-Pakistan Ties, Expense, State, Secretary, Marco, Rubio, Remark",Technology,https://timesofindia.indiatimes.com/world/us/not-at-indias-expense-us-state-secretary-marco-rubios-big-remark-on-us-pakistan-ties-what-he-said/articleshow/124824245.cms,TOI,2025-10-26 09:57:36
Samdani MN,VVITU Balotsva: Stage set for children global cultural festival,"Vvitu Balotsva, Children Global Cultural Festival, Vvitu, Balotsva, Stage, Children, Festival",International,https://timesofindia.indiatimes.com/city/vijayawada/vvitu-balotsva-stage-set-for-children-global-cultural-festival/articleshow/124825033.cms,TOI,2025-10-26 09:57:36
TOI Sports Desk,"1st ODI: Harry Brook smashes 11 sixes, 135 runs to star in England rout of New Zealand","Harry Brook Smashes, England, New Zealand, Harry Brook, 11 Sixes, Harry, Brook, Sixes, Rout, Zealand",General,https://timesofindia.indiatimes.com/sports/cricket/news/1st-odi-harry-brook-smashes-11-sixes-135-runs-to-star-in-england-rout-of-new-zealand/articleshow/124824998.cms,TOI,2025-10-26 09:57:36
TOI Tech Desk,"As Reliance, Meta announce Rs 855 crore AI partnership; RIL clarifies that the transaction does not ...","Meta Announce, 855 Crore Ai Partnership, The Transaction, Reliance, Announce, Crore, Partnership, Clarifies, Transaction",Technology,https://timesofindia.indiatimes.com/technology/tech-news/as-reliance-meta-announce-rs-855-crore-ai-partnership-ril-clarifies-that-the-transaction-does-not-/articleshow/124824940.cms,TOI,2025-10-26 09:57:36
Shantanu Nandan Sharma,âI want to know what exactly happened on that day Zubeen Garg diedâ,"That Day, Zubeen, Garg",Technology,https://timesofindia.indiatimes.com/i-want-to-know-what-exactly-happened-on-that-day-zubeen-garg-died/articleshow/124824880.cms,TOI,2025-10-26 09:57:37
TOI Education,India's medical colleges see more than double growth in last 11 years: How aspiring doctors can benefit from new opportunities,"India, India'S Medical Colleges, More Than Double Growth, Last 11 Years, How Aspiring Doctors, New Opportunities, Colleges, Growth, Years, Doctors","Education, Health",https://timesofindia.indiatimes.com/education/news/indias-medical-colleges-see-more-than-double-growth-in-last-11-years-how-aspiring-doctors-can-benefit-from-new-opportunities/articleshow/124822954.cms,TOI,2025-10-26 09:57:37
TOI Entertainment Desk,"Kareena Kapoor Khan drops stunning vacay PICS featuring Saif Ali Khan, Taimur, Katrina Kaif reacts, netizens call her a 'queen'","Kareena, Khan, Ali Khan, Katrina Kaif, Kareena Kapoor Khan, Stunning Vacay Pics, A 'Queen, Kapoor, Vacay, Pics",Technology,https://timesofindia.indiatimes.com/entertainment/hindi/bollywood/news/kareena-kapoor-khan-drops-stunning-vacay-pics-featuring-saif-ali-khan-taimur-katrina-kaif-reacts-netizens-call-her-a-queen/articleshow/124824999.cms,TOI,2025-10-26 09:57:37
Fatima S Attarwala,How Pakistanâs crypto craze has made it a scammerâs paradise,"ScammerâS, PakistanâS Crypto Craze, Crypto, Craze, Paradise",General,https://timesofindia.indiatimes.com/toi-plus/technology/how-pakistans-crypto-craze-has-made-it-a-scammers-paradise/articleshow/124823973.cms,TOI,2025-10-26 09:57:58
Pathikrit Chakraborty,Bus catches fire on AgraâLucknow Expressway; all passengers safe,"Bus Catches, AgraâLucknow Expressway, All Passengers, Catches, Fire, Expressway, Passengers",General,https://timesofindia.indiatimes.com/city/lucknow/bus-catches-fire-on-agralucknow-expressway-all-passengers-safe/articleshow/124824094.cms,TOI,2025-10-26 09:57:59
"Raima Ganguly,Eshna Bhattacharya","Big screens, special menus, rival fans: El ClÃ¡sico craze hits the city","Big Screens, El Clã¡Sico, Special Menus, Rival Fans, El Clã¡Sico Craze, The City, Screens, Menus, Fans, Craze",General,https://timesofindia.indiatimes.com/entertainment/big-screens-special-menus-rival-fans-el-clsico-craze-hits-the-city/articleshow/124824139.cms,TOI,2025-10-26 09:57:59
Raima Ganguly,"Big screens, special menus, rival fans: El ClÃ¡sico craze hits the city","Big Screens, El Clã¡Sico, Special Menus, Rival Fans, El Clã¡Sico Craze, The City, Screens, Menus, Fans, Craze",General,https://timesofindia.indiatimes.com/entertainment/big-screens-special-menus-rival-fans-el-clsico-craze-hits-the-city/articleshow/124824139.cms,TOI,2025-10-26 09:57:59
Eshna Bhattacharya,"Big screens, special menus, rival fans: El ClÃ¡sico craze hits the city","Big Screens, El Clã¡Sico, Special Menus, Rival Fans, El Clã¡Sico Craze, The City, Screens, Menus, Fans, Craze",General,https://timesofindia.indiatimes.com/entertainment/big-screens-special-menus-rival-fans-el-clsico-craze-hits-the-city/articleshow/124824139.cms,TOI,2025-10-26 09:57:59
TOI Lifestyle Desk,Why there is no Saturday Night Live (SNL) episode this week,"Snl) Episode, Saturday, Night, Episode, Week",General,https://timesofindia.indiatimes.com/tv/news/english/why-there-is-no-saturday-night-live-snl-episode-this-week/articleshow/124823887.cms,TOI,2025-10-26 09:58:00
TOI Entertainment Desk,"Naseeruddin Shah, Pankaj Kapur, Dilip Joshi, Supriya Pathak, Ratna Pathak Shah, Poonam Dhillon Farah Khan, Rupali Ganguly, Jackie Shroff: Celebs arrive at Satish Shah's funeral","Naseeruddin Shah, Pankaj Kapur, Dilip Joshi, Farah Khan, Jackie Shroff, Satish Shah'S, Supriya Pathak, Ratna Pathak Shah, Poonam Dhillon Farah Khan, Celebs Arrive",General,https://timesofindia.indiatimes.com/entertainment/hindi/bollywood/news/naseeruddin-shah-pankaj-kapur-dilip-joshi-supriya-pathak-poonam-dhillon-farah-khan-rupali-ganguly-jackie-shroff-celebs-arrive-at-satish-shahs-funeral/articleshow/124823904.cms,TOI,2025-10-26 09:58:01
Neeraj Dhankher,"Weekly Shani Horoscope (October 27 to November 2, 2025): Saturn revives old karma, these zodiac signs may relive an old fallout","Shani Horoscope, Weekly Shani, Old Karma, These Zodiac Signs, An Old Fallout, Shani, Horoscope, October, November, Saturn",General,https://timesofindia.indiatimes.com/astrology/horoscope/weekly-shani-horoscope-october-27-to-november-2-2025-saturn-revives-old-karma-these-zodiac-signs-may-relive-an-old-fallout/articleshow/124781947.cms,TOI,2025-10-26 09:58:01
TOI Entertainment Desk,"Satish Shah funeral: Roopa Ganguly Ratna Pathak Shah, to David Dhawan, the industry gathers to honor the âSarabhai vs Sarabhaiâ star, who was laid to rest after his demise due to kidney failure","Satish, David Dhawan, The Industry, His Demise, Kidney Failure, Shah, Funeral, Roopa, Ganguly, Ratna",Technology,https://timesofindia.indiatimes.com/entertainment/hindi/bollywood/news/satish-shah-funeral-roopali-gangula-ratna-pathak-shah-to-david-dhawan-the-industry-gathers-to-honor-the-sarabhai-vs-sarabhai-star-who-was-laid-to-rest-after-his-demise-due-to-kidney-failure/articleshow/124823223.cms,TOI,2025-10-26 09:58:01
TOI Entertainment Desk,"Anupama Parameswaran on early trolls; Says, 'I hesitated to act in films'; Celebrates 'Bison' success","Anupama, Bison, Anupama Parameswaran, Early Trolls, Parameswaran, Trolls, Films, Success","International, Entertainment",https://timesofindia.indiatimes.com/entertainment/tamil/movies/news/anupama-parameswaran-on-early-trolls-says-i-hesitated-to-act-in-films-celebrates-bison-success/articleshow/124824063.cms,TOI,2025-10-26 09:58:01
TOI News Desk,"Mann Ki Baat: PM lauds Chhath festival & Op Sindoor success; highlights environmental initiatives, urges unity","Mann Ki Baat, Pm Lauds Chhath Festival, Sindoor Success, Environmental Initiatives, Mann, Baat, Lauds, Chhath, Festival, Sindoor",Environment,https://timesofindia.indiatimes.com/india/mann-ki-baat-pm-lauds-chhath-festival-op-sindoor-success-highlights-environmental-initiatives-urges-unity/articleshow/124823398.cms,TOI,2025-10-26 09:58:02
Global Sports Desk,Stephen Curry's wife Ayesha Curry surprises fans with Instagram post featuring her custom Golden State Warriors gift amid divorce rumors,"Stephen Curry'S, Stephen Curry'S Wife, Ayesha Curry, Instagram Post, Divorce Rumors, Stephen, Curry, Wife, Ayesha, Fans",International,https://timesofindia.indiatimes.com/sports/nba/top-stories/stephen-currys-wife-ayesha-curry-surprises-fans-with-instagram-post-featuring-her-custom-golden-state-warriors-gift-amid-divorce-rumors/articleshow/124794390.cms,TOI,2025-10-26 09:58:02
TOI News Desk,'Greed for power': Tejashwi counters Chirag Paswan's 'no Muslim CM' charge; questions his 'vision',"Tejashwi Counters, His 'Vision, Greed, Power, Tejashwi, Counters, Paswan, Charge, Vision",General,https://timesofindia.indiatimes.com/india/greed-for-power-tejashwi-counters-chirag-paswans-no-muslim-cm-charge-questions-his-vision/articleshow/124823876.cms,TOI,2025-10-26 09:58:02
TOI City Desk,"âRape allegations, relationship, marriage proposal and a palm noteâ: Big revelations in Maharashtra doctor suicide case","ÂRape Allegations, Marriage Proposal, Big Revelations, Maharashtra Doctor Suicide Case, Allegations, Relationship, Marriage, Proposal, Palm, Revelations",Health,https://timesofindia.indiatimes.com/city/pune/rape-relationship-marriage-proposal-and-palm-note-big-revelations-in-maharashtra-doctor-suicide-case/articleshow/124823291.cms,TOI,2025-10-26 09:58:02
TOI Trending Desk,8 creatures that quietly heal the Earth every day,"8 Creatures, The Earth, Creatures, Earth",General,https://timesofindia.indiatimes.com/etimes/trending/8-creatures-that-quietly-heal-the-earth-every-day/articleshow/124824219.cms,TOI,2025-10-26 09:58:25
TOI Sports Desk,Shockwaves in Pakistan cricket! PCB to sack national head coach after Women's World Cup disaster,"Pakistan, Pakistan Cricket, National Head Coach, Women'S World Cup Disaster, Shockwaves, Cricket, Head, Coach, Women, World","International, Sports",https://timesofindia.indiatimes.com/sports/cricket/icc-womens-world-cup-2025/shockwaves-in-pakistan-cricket-pcb-to-sack-national-head-coach-after-womens-world-cup-disaster/articleshow/124824406.cms,TOI,2025-10-26 09:58:28
TOI Entertainment Desk,'First Asrani and now Satish Shah': Fans bid teary farewell to comedy legends,"'First Asrani, Teary Farewell, Comedy Legends, Asrani, Shah, Fans, Farewell, Comedy, Legends",General,https://timesofindia.indiatimes.com/entertainment/hindi/bollywood/news/first-asrani-and-now-satish-shah-fans-bid-teary-farewell-to-comedy-legends/articleshow/124824143.cms,TOI,2025-10-26 09:58:30
TOI Tech Desk,"General Motors lays off hundreds of engineers on Microsoft Teams; says: It's not your performance, it'sâ¦","General Motors, ¦, Microsoft Teams, Your Performance, General, Motors, Hundreds, Engineers, Microsoft, Teams",Sports,https://timesofindia.indiatimes.com/technology/tech-news/general-motors-lays-off-hundreds-of-engineers-on-microsoft-teams-says-its-not-your-performance-its/articleshow/124824468.cms,TOI,2025-10-26 09:58:32
TOI Sports Desk,Vladimir Kramnik on Daniel Naroditsky's tragic death: 'I was the only person in the chess community',"Vladimir Kramnik, Daniel Naroditsky'S, Daniel Naroditsky'S Tragic Death, The Only Person, The Chess Community, Vladimir, Kramnik, Daniel, Naroditsky, Death",General,https://timesofindia.indiatimes.com/sports/chess/vladimir-kramnik-on-daniel-naroditskys-tragic-death-i-was-the-only-person-in-the-chess-community/articleshow/124824389.cms,TOI,2025-10-26 09:58:33
TOI Science Desk,Earth on high alert: Solar storm that devastated Venus could hit us next,"High Alert, Devastated Venus, Earth, Alert, Storm, Venus",General,https://timesofindia.indiatimes.com/science/earth-on-high-alert-solar-storm-that-devastated-venus-could-hit-us-next/articleshow/124819344.cms,TOI,2025-10-26 09:58:34
TOI Entertainment Desk,"OMEGA X Kevin talks about working in âMy Bias Is Showingâ, says âIt was my first time actingâ","Omega X Kevin, ÂIt, Omega X Kevin Talks, ÂMy Bias, My First Time, Omega, Kevin, Talks, Bias, Time",Entertainment,https://timesofindia.indiatimes.com/entertainment/k-pop/music/news/omega-x-kevin-talks-about-working-in-my-bias-is-showing-says-it-was-my-first-time-acting/articleshow/124823872.cms,TOI,2025-10-26 09:58:34
TOI Entertainment Desk,RJ Balaji seeks blessings at the Tiruchendur Murugan temple; Clarifies the 'Karuppu' and 'Mookuthi Amman 2â connection,"Rj Balaji, Karuppu, The Tiruchendur Murugan Temple, The 'Karuppu, 2Â Connection, Balaji, Blessings, Tiruchendur, Murugan, Temple",General,https://timesofindia.indiatimes.com/entertainment/tamil/movies/news/rj-balaji-seeks-blessings-at-the-tiruchendur-murugan-temple-clarifies-the-karuppu-and-mookuthi-amman-2-connection/articleshow/124824536.cms,TOI,2025-10-26 09:58:35
Bella Jaisinghani,Mumbai: City Catholics welcome new auxiliary bishop,"Mumbai, City Catholics, New Auxiliary Bishop, City, Catholics, Bishop",Technology,https://timesofindia.indiatimes.com/city/mumbai/mumbai-city-catholics-welcome-new-auxiliary-bishop/articleshow/124824548.cms,TOI,2025-10-26 09:58:36
Tanvi Trivedi,"Swaroop Sampat: Satishji always motivated me to stay fit and happy, he was a good friend, not just co-actor","A Good Friend, Swaroop, Sampat, Satishji, Friend, Actor","Technology, International, Entertainment",https://timesofindia.indiatimes.com/tv/news/hindi/swaroop-sampat-satishji-always-motivated-me-to-stay-fit-and-happy-he-was-a-good-friend-not-just-co-actor/articleshow/124824456.cms,TOI,2025-10-26 09:58:39
Neeraj Dhankher,"Aries Weekly Shani Horoscope, October 27 â November 2, 2025: Saturn chills impulse buys, think twice and keep cash","Horoscope, Â, Weekly Shani Horoscope, Saturn Chills, Impulse Buys, Aries, Weekly, Shani, October, November",General,https://timesofindia.indiatimes.com/astrology/horoscope/aries-weekly-shani-horoscope-october-27-november-2-2025-saturn-chills-impulse-buys-think-twice-and-keep-cash/articleshow/124785761.cms,TOI,2025-10-26 09:58:39
Abhijeet Patil,Satara doctorâs death ânot a suicide but an institutional murderâ: Rahul Gandhi,"Satara DoctorâS Death, A Suicide, An Institutional Murderâ, Rahul Gandhi, Satara, Death, Suicide, Rahul, Gandhi","Crime, Health",https://timesofindia.indiatimes.com/city/kolhapur/satara-doctors-death-not-a-suicide-but-an-institutional-murder-rahul-gandhi/articleshow/124824445.cms,TOI,2025-10-26 09:58:40
Yashaswini Sri,"Screams, smoke, shattered glass: Horrific memories of Kurnool bus fire haunt survivors; DNA reports of victims expected by Monday","Shattered Glass, Horrific Memories, Screams, Smoke, Glass, Memories, Kurnool, Fire, Haunt, Survivors",General,https://timesofindia.indiatimes.com/city/hyderabad/screams-smoke-shattered-glass-horrific-memories-of-kurnool-bus-fire-haunt-survivors-dna-reports-of-victims-expected-by-mon/articleshow/124824282.cms,TOI,2025-10-26 09:58:40
Sandeep Raghavan,"Screams, smoke, shattered glass: Horrific memories of Kurnool bus fire haunt survivors; DNA reports of victims expected by Monday","Shattered Glass, Horrific Memories, Screams, Smoke, Glass, Memories, Kurnool, Fire, Haunt, Survivors",General,https://timesofindia.indiatimes.com/city/hyderabad/screams-smoke-shattered-glass-horrific-memories-of-kurnool-bus-fire-haunt-survivors-dna-reports-of-victims-expected-by-mon/articleshow/124824282.cms,TOI,2025-10-26 09:58:40
"Sandeep Raghavan,Yashaswini Sri","Screams, smoke, shattered glass: Horrific memories of Kurnool bus fire haunt survivors; DNA reports of victims expected by Monday","Shattered Glass, Horrific Memories, Screams, Smoke, Glass, Memories, Kurnool, Fire, Haunt, Survivors",General,https://timesofindia.indiatimes.com/city/hyderabad/screams-smoke-shattered-glass-horrific-memories-of-kurnool-bus-fire-haunt-survivors-dna-reports-of-victims-expected-by-mon/articleshow/124824282.cms,TOI,2025-10-26 09:58:40
TOI Tech Desk,What Peter Thiel told Elon Musk when he asked him about wealth: What am I supposed to doâgive it to my children or leave it with â¦,"Peter Thiel, ¦, Elon Musk, My Children, Peter, Thiel, Elon, Musk, Wealth, Children",General,https://timesofindia.indiatimes.com/technology/tech-news/what-peter-thiel-told-elon-musk-when-he-asked-him-about-wealth-what-am-i-supposed-to-dogive-it-to-my-children-or-leave-it-with-/articleshow/124824313.cms,TOI,2025-10-26 09:58:41
Aditya Kuvalekar,Trump card: Why India must woo AI superstars like Meta does,"India, Trump, Card, Superstars",Technology,https://timesofindia.indiatimes.com/toi-plus/technology/trump-card-why-india-must-woo-ai-superstars-like-meta-does/articleshow/124824280.cms,TOI,2025-10-26 09:58:47
Prasanna Tantri,Trump card: Why India must woo AI superstars like Meta does,"India, Trump, Card, Superstars",Technology,https://timesofindia.indiatimes.com/toi-plus/technology/trump-card-why-india-must-woo-ai-superstars-like-meta-does/articleshow/124824280.cms,TOI,2025-10-26 09:58:47
"Aditya Kuvalekar,Prasanna Tantri",Trump card: Why India must woo AI superstars like Meta does,"India, Trump, Card, Superstars",Technology,https://timesofindia.indiatimes.com/toi-plus/technology/trump-card-why-india-must-woo-ai-superstars-like-meta-does/articleshow/124824280.cms,TOI,2025-10-26 09:58:47
TOI Entertainment Desk,'Dragon' shoot: Jr NTR and Prashanth Neel's film set for major Africa schedule-Report,"Jr Ntr, Prashanth Neel'S, Africa, 'Dragon' Shoot, Major Africa Schedule-Report, Dragon, Shoot, Neel, Film, Schedule",Entertainment,https://timesofindia.indiatimes.com/entertainment/telugu/movies/news/dragon-shoot-jr-ntr-and-prashanth-neels-film-set-for-major-africa-schedule-report/articleshow/124824325.cms,TOI,2025-10-26 09:58:48
TOI Entertainment Desk,'This is such a non-issue': Kim Kardashian defends daughter North Westâs bold look,"Kim Kardashian, Daughter North, Issue, Kardashian, Daughter, North",General,https://timesofindia.indiatimes.com/entertainment/english/hollywood/news/this-is-such-a-non-issue-kim-kardashian-defends-daughter-north-wests-bold-look/articleshow/124824346.cms,TOI,2025-10-26 09:58:48
TOI World Desk,"Israel-Hamas conflict: Video shows bulldozers entering Gaza as Egyptian team searches for hostages, victims - watch","Israel, Gaza, Egyptian, Egyptian Team, Hamas, Conflict, Video, Bulldozers, Team, Hostages","Sports, Entertainment",https://timesofindia.indiatimes.com/world/middle-east/israel-hamas-conflict-video-shows-bulldozers-entering-gaza-as-egyptian-team-searches-for-hostages-victims-watch/articleshow/124824115.cms,TOI,2025-10-26 09:58:49
Jamal Ayub,"Dhanteras tragedy: Injured by carbide gun, it took 11-yr-old boy 5 long days to reach Bhopal for treatment","Dhanteras Tragedy:, Carbide Gun, 11-Yr-Old Boy, Dhanteras, Tragedy, Carbide, Days, Bhopal, Treatment",Health,https://timesofindia.indiatimes.com/city/bhopal/dhanteras-tragedy-injured-by-carbide-gun-it-took-11-yr-old-boy-5-long-days-to-reach-bhopal-for-treatment/articleshow/124824253.cms,TOI,2025-10-26 09:58:49
TOI Sports Desk,"Former India cricketer drops bombshell on Virat Kohli, compares him to an âold tractor'","India, Former India Cricketer Drops, Virat Kohli, An ÂOld Tractor, Cricketer, Drops, Virat, Kohli, Tractor","Sports, Entertainment",https://timesofindia.indiatimes.com/sports/cricket/india-vs-australia/former-india-cricketer-drops-bombshell-on-virat-kohli-compares-him-to-an-old-tractor/articleshow/124822754.cms,TOI,2025-10-26 09:58:57
TOI World Desk,âWe did something people said couldnât be doneâ: Donald Trump oversees signing of âhistoricâ ThailandâCambodia peace deal,"Donald Trump, ÂHistoricâ ThailandâCambodia Peace Deal, People, Donald, Trump, Oversees, Signing, Peace, Deal",Technology,https://timesofindia.indiatimes.com/world/us/we-did-something-people-said-couldnt-be-done-donald-trump-oversees-signing-of-historic-thailandcambodia-peace-deal/articleshow/124821794.cms,TOI,2025-10-26 09:58:57
Megha Vishwanath,What champagne and cash burn days taught Zomatoâs Deepinder Goyal,"Deepinder Goyal, Champagne, Cash, Burn, Days, Deepinder, Goyal",General,https://timesofindia.indiatimes.com/what-champagne-and-cash-burn-days-taught-zomatos-deepinder-goyal/articleshow/124822865.cms,TOI,2025-10-26 09:59:00
Arnab Lall Seal,SAAF Championships: India wins 7 gold on Day 2,"Saaf Championships, India, 7 Gold, Saaf, Championships, Gold",Sports,https://timesofindia.indiatimes.com/sports/more-sports/saaf-championships-india-wins-7-gold-on-day-2/articleshow/124822775.cms,TOI,2025-10-26 09:59:01
Faiz Rahman Siddiqui,"UP horror: Woman forced into 2 abortions, sexually abused by husband, father-in-law, brother-in-law over male child demand","2 Abortions, Male Child Demand, Horror, Woman, Abortions, Husband, Father, Brother, Child, Demand",Crime,https://timesofindia.indiatimes.com/city/kanpur/up-horror-woman-forced-into-2-abortions-sexually-abused-by-husband-father-in-law-brother-in-law-over-male-child-demand/articleshow/124822710.cms,TOI,2025-10-26 09:59:03
TOI News Desk,"Allowance hike, pension & more: INDIA blocâs poll promises for ânew Biharâ; perks for Panchayat heads","India, Allowance Hike, Poll Promises, ÂNew Biharâ, Panchayat Heads, Allowance, Hike, Pension, Poll, Promises",General,https://timesofindia.indiatimes.com/india/allowance-hike-pension-more-india-blocs-poll-promises-for-new-bihar-perks-for-panchayat-heads/articleshow/124822502.cms,TOI,2025-10-26 09:59:04
Lakshima Sareen,IIT Kharagpur to admit students for Olympiad and sports achievements: Which other IITs offer non-JEE admission route?,"Iit Kharagpur, Olympiad And Sports Achievements, Which Other Iits, Non-Jee Admission Route, Kharagpur, Students, Sports, Achievements, Iits, Admission","Education, Sports",https://timesofindia.indiatimes.com/education/news/iit-kharagpur-to-admit-students-for-olympiad-and-sports-achievements-which-other-iits-offer-non-jee-admission-route/articleshow/124822653.cms,TOI,2025-10-26 09:59:05
TOI Business Desk,Low GST but expensive cheques! Fitness and beauty services get costlierâHereâs why gyms and salons are raising prices,"Low Gst, Expensive Cheques, Fitness And Beauty Services, Cheques, Fitness, Beauty, Services, Gyms, Salons, Prices",Technology,https://timesofindia.indiatimes.com/business/india-business/low-gst-but-expensive-cheques-fitness-and-beauty-services-get-costlierheres-why-gyms-and-salons-are-raising-prices/articleshow/124822723.cms,TOI,2025-10-26 09:59:05
Anmol Jain,Mussoorie-based travel writers Hugh & Colleen Gantzer receive lifetime achievement award from Anglo-Indian Association,"Mussoorie, Hugh & Colleen, Anglo-Indian, Mussoorie-Based Travel Writers Hugh, Colleen Gantzer, Lifetime Achievement Award, Anglo-Indian Association, Travel, Writers, Hugh",International,https://timesofindia.indiatimes.com/city/dehradun/mussoorie-based-travel-writers-hugh-colleen-gantzer-receive-lifetime-achievement-award-from-anglo-indian-association/articleshow/124822767.cms,TOI,2025-10-26 09:59:06
TOI Education,RRB NTPC UG result 2025 expected to be released soon: Check key details here,"Rrb Ntpc Ug, Key Details, Details",Technology,https://timesofindia.indiatimes.com/education/news/rrb-ntpc-ug-result-2025-expected-to-be-released-soon-check-key-details-here/articleshow/124822881.cms,TOI,2025-10-26 09:59:07
TOI Lifestyle Desk,'It changed my marriage': The modern woman is taking testosterone and loving it,"My Marriage, The Modern Woman, Marriage, Woman, Testosterone",General,https://timesofindia.indiatimes.com/life-style/health-fitness/health-news/it-changed-my-marriage-the-modern-woman-is-taking-testosterone-and-loving-it/articleshow/124822716.cms,TOI,2025-10-26 09:59:07
Edit Profile,"Hindi TV News: Check Latest News on Hindi TV Shows, TV Celebrities & Hindi TV Serials","Hindi Tv, Hindi Tv News, Latest News, Hindi Tv Shows, Tv Celebrities, Hindi Tv Serials, Hindi, News, Shows, Celebrities",Entertainment,https://timesofindia.indiatimes.com/tv/news/hindi,TOI,2025-10-26 09:59:07
TOI News Desk,âNever claimed Yamuna is cleanâ: BJP hits back at AAP over pollution ahead of Chhath; takes jibe at Kejriwal,"Yamuna, Pollution, Chhath, Jibe, Kejriwal","Technology, Environment",https://timesofindia.indiatimes.com/india/never-claimed-yamuna-is-clean-bjp-hits-back-at-aap-over-pollution-ahead-of-chhath-takes-jibe-at-kejriwal/articleshow/124822514.cms,TOI,2025-10-26 09:59:07
TOI World Desk,"'YMCA' dance, red carpet, and US flags: How Donald Trump was welcomed at Kuala Lumpur airport -watch","Donald Trump, Kuala Lumpur Airport -Watch, Ymca, Dance, Carpet, Donald, Trump, Kuala, Lumpur, Airport",Technology,https://timesofindia.indiatimes.com/world/us/ymca-dance-red-carpet-and-us-flags-how-donald-trump-was-welcomed-at-kuala-lumpur-airport-watch/articleshow/124822809.cms,TOI,2025-10-26 09:59:08
TOI Entertainment Desk,Katy Perry and Justin Trudeau CONFIRM romance; make first public appearance as a couple on singer's birthday in Paris - WATCH,"Katy Perry, Justin, Paris, Justin Trudeau, First Public Appearance, A Couple, Singer'S Birthday, Paris - Watch, Katy, Perry",Technology,https://timesofindia.indiatimes.com/entertainment/english/hollywood/news/katy-perry-and-justin-trudeau-confirm-romance-make-first-public-appearance-as-a-couple-on-singers-birthday-in-paris-watch/articleshow/124822641.cms,TOI,2025-10-26 09:59:08
Edit Profile,Latest Telugu Movies | List of New Telugu Films Releases 2025 | eTimes,"Latest Telugu Movies, | List, New Telugu Films, 2025 |, Telugu, Movies, List, Films",Entertainment,https://timesofindia.indiatimes.com/entertainment/latest-new-movies/telugu-movies,TOI,2025-10-26 09:59:09
TOI Astrology,Nostradamus chilling prediction for end of 2025: Ominous signs warn of global catastrophe,"Nostradamus Chilling Prediction, Ominous Signs, Global Catastrophe, Nostradamus, Prediction, Signs, Catastrophe",International,https://timesofindia.indiatimes.com/astrology/zodiacs-astrology/nostradamus-chilling-prediction-for-end-of-2025-ominous-signs-warn-of-global-catastrophe/articleshow/124817843.cms,TOI,2025-10-26 09:59:20
TOI Education,CBSE LOC data correction window 2025 closes tomorrow: Check details here,"Cbse Loc, Cbse, Data, Correction, Window, Tomorrow, Details",Technology,https://timesofindia.indiatimes.com/education/news/cbse-loc-data-correction-window-2025-closes-tomorrow-check-details-here/articleshow/124821804.cms,TOI,2025-10-26 09:59:20
Global Sports Desk,LSU head coach Brian Kelly faces backlash as fans call to fire him after A&M loss: Inside his $52 million contract and buyout price tag,"Lsu Head, Brian Kelly, A&M, A&M Loss, His $52 Million Contract, Price Tag, Head, Coach, Brian, Kelly",General,https://timesofindia.indiatimes.com/sports/international-sports/lsu-head-coach-brian-kelly-faces-backlash-as-fans-call-to-fire-him-after-am-loss-inside-his-52-million-contract-and-buyout-price-tag/articleshow/124821808.cms,TOI,2025-10-26 09:59:20
Nitin Naik,Sydney Showstoppers! Ro-Ko deny Australia clean sweep; India win third ODI by nine wickets,"Sydney Showstoppers, Ro-Ko, Australia, India, Australia Clean Sweep, Nine Wickets, Sydney, Showstoppers, Sweep, Wickets",Entertainment,https://timesofindia.indiatimes.com/sports/cricket/india-vs-australia/sydney-showstoppers-ro-ko-deny-australia-clean-sweep-india-win-third-odi-by-nine-wickets/articleshow/124821876.cms,TOI,2025-10-26 09:59:20
TOI Lifestyle Desk,"Harvard study warns: Your heart rate, not steps, could be the hidden danger to your health","Harvard, Harvard Study, Your Heart Rate, Not Steps, The Hidden Danger, Your Health, Study, Heart, Rate, Steps","International, Health",https://timesofindia.indiatimes.com/life-style/health-fitness/health-news/harvard-study-warns-your-heart-rate-not-steps-could-be-the-hidden-danger-to-your-health/articleshow/124821755.cms,TOI,2025-10-26 09:59:20
Edit Profile,"Parenting Tips & Advice, Effective Parenting Skills, Parent Child Relationship & Support | Relationships - Times of India Lifestyle","Parenting Tips, Effective Parenting Skills, Parent Child Relationship, | Relationships - Times, India Lifestyle, Parenting, Tips, Advice, Skills, Parent",General,https://timesofindia.indiatimes.com/life-style/relationships/parenting,TOI,2025-10-26 09:59:21
TOI World Desk,âNot wasting timeâ: Trump says no meeting with Putin until deal on Ukraine; admits heâs 'disappointed',"Putin, Ukraine, No Meeting, Trump, Meeting, Deal",Technology,https://timesofindia.indiatimes.com/world/us/not-wasting-time-trump-says-no-meeting-with-putin-until-deal-on-ukraine-admits-hes-disappointed/articleshow/124821520.cms,TOI,2025-10-26 09:59:21
TOI Astrology,"Daily Egyptian Horoscope for October 26, 2025: These zodiac signs may face emotional chaos and hidden tension","Egyptian, Horoscope, Daily Egyptian Horoscope, These Zodiac Signs, Emotional Chaos, Hidden Tension, Daily, October, Zodiac, Signs",Technology,https://timesofindia.indiatimes.com/astrology/horoscope/daily-egyptian-horoscope-for-october-26-2025-these-zodiac-signs-may-face-emotional-chaos-and-hidden-tension/articleshow/124790181.cms,TOI,2025-10-26 09:59:21
